"module name","license","repository"
"@alloc/quick-lru@5.2.0","MIT","https://github.com/sindresorhus/quick-lru"
"@ampproject/remapping@2.3.0","Apache-2.0","https://github.com/ampproject/remapping"
"@babel/code-frame@7.27.1","MIT","https://github.com/babel/babel"
"@babel/compat-data@7.28.0","MIT","https://github.com/babel/babel"
"@babel/core@7.28.3","MIT","https://github.com/babel/babel"
"@babel/generator@7.28.3","MIT","https://github.com/babel/babel"
"@babel/helper-compilation-targets@7.27.2","MIT","https://github.com/babel/babel"
"@babel/helper-globals@7.28.0","MIT","https://github.com/babel/babel"
"@babel/helper-module-imports@7.27.1","MIT","https://github.com/babel/babel"
"@babel/helper-module-transforms@7.28.3","MIT","https://github.com/babel/babel"
"@babel/helper-string-parser@7.27.1","MIT","https://github.com/babel/babel"
"@babel/helper-validator-identifier@7.27.1","MIT","https://github.com/babel/babel"
"@babel/helper-validator-option@7.27.1","MIT","https://github.com/babel/babel"
"@babel/helpers@7.28.3","MIT","https://github.com/babel/babel"
"@babel/parser@7.28.3","MIT","https://github.com/babel/babel"
"@babel/runtime@7.28.3","MIT","https://github.com/babel/babel"
"@babel/template@7.27.2","MIT","https://github.com/babel/babel"
"@babel/traverse@7.28.3","MIT","https://github.com/babel/babel"
"@babel/types@7.28.2","MIT","https://github.com/babel/babel"
"@eslint/js@9.34.0","MIT","https://github.com/eslint/eslint"
"@fast-csv/format@4.3.5","MIT","https://github.com/C2FO/fast-csv"
"@fast-csv/parse@4.3.6","MIT","https://github.com/C2FO/fast-csv"
"@floating-ui/core@1.7.3","MIT","https://github.com/floating-ui/floating-ui"
"@floating-ui/dom@1.7.4","MIT","https://github.com/floating-ui/floating-ui"
"@floating-ui/react-dom@2.1.6","MIT","https://github.com/floating-ui/floating-ui"
"@floating-ui/react@0.27.16","MIT","https://github.com/floating-ui/floating-ui"
"@floating-ui/utils@0.2.10","MIT","https://github.com/floating-ui/floating-ui"
"@gilbarbara/deep-equal@0.1.2","MIT","https://github.com/gilbarbara/deep-equal"
"@gilbarbara/deep-equal@0.3.1","MIT","https://github.com/gilbarbara/deep-equal"
"@hookform/resolvers@3.10.0","MIT","https://github.com/react-hook-form/resolvers"
"@isaacs/balanced-match@4.0.1","MIT","https://github.com/isaacs/balanced-match"
"@isaacs/brace-expansion@5.0.0","MIT",""
"@isaacs/cliui@8.0.2","ISC","https://github.com/yargs/cliui"
"@jridgewell/gen-mapping@0.3.13","MIT","https://github.com/jridgewell/sourcemaps"
"@jridgewell/resolve-uri@3.1.2","MIT","https://github.com/jridgewell/resolve-uri"
"@jridgewell/sourcemap-codec@1.5.5","MIT","https://github.com/jridgewell/sourcemaps"
"@jridgewell/trace-mapping@0.3.30","MIT","https://github.com/jridgewell/sourcemaps"
"@kurkle/color@0.3.4","MIT","https://github.com/kurkle/color"
"@nodelib/fs.scandir@2.1.5","MIT","https://github.com/nodelib/nodelib/tree/master/packages/fs/fs.scandir"
"@nodelib/fs.stat@2.0.5","MIT","https://github.com/nodelib/nodelib/tree/master/packages/fs/fs.stat"
"@nodelib/fs.walk@1.2.8","MIT","https://github.com/nodelib/nodelib/tree/master/packages/fs/fs.walk"
"@pkgjs/parseargs@0.11.0","MIT","https://github.com/pkgjs/parseargs"
"@popperjs/core@2.11.8","MIT","https://github.com/popperjs/popper-core"
"@radix-ui/number@1.1.1","MIT","https://github.com/radix-ui/primitives"
"@radix-ui/primitive@1.1.3","MIT","https://github.com/radix-ui/primitives"
"@radix-ui/react-alert-dialog@1.1.15","MIT","https://github.com/radix-ui/primitives"
"@radix-ui/react-arrow@1.1.7","MIT","https://github.com/radix-ui/primitives"
"@radix-ui/react-avatar@1.1.10","MIT","https://github.com/radix-ui/primitives"
"@radix-ui/react-checkbox@1.3.3","MIT","https://github.com/radix-ui/primitives"
"@radix-ui/react-collapsible@1.1.12","MIT","https://github.com/radix-ui/primitives"
"@radix-ui/react-collection@1.1.7","MIT","https://github.com/radix-ui/primitives"
"@radix-ui/react-compose-refs@1.1.2","MIT","https://github.com/radix-ui/primitives"
"@radix-ui/react-context@1.1.2","MIT","https://github.com/radix-ui/primitives"
"@radix-ui/react-dialog@1.1.15","MIT","https://github.com/radix-ui/primitives"
"@radix-ui/react-direction@1.1.1","MIT","https://github.com/radix-ui/primitives"
"@radix-ui/react-dismissable-layer@1.1.11","MIT","https://github.com/radix-ui/primitives"
"@radix-ui/react-dropdown-menu@2.1.16","MIT","https://github.com/radix-ui/primitives"
"@radix-ui/react-focus-guards@1.1.3","MIT","https://github.com/radix-ui/primitives"
"@radix-ui/react-focus-scope@1.1.7","MIT","https://github.com/radix-ui/primitives"
"@radix-ui/react-id@1.1.1","MIT","https://github.com/radix-ui/primitives"
"@radix-ui/react-label@2.1.7","MIT","https://github.com/radix-ui/primitives"
"@radix-ui/react-menu@2.1.16","MIT","https://github.com/radix-ui/primitives"
"@radix-ui/react-popover@1.1.15","MIT","https://github.com/radix-ui/primitives"
"@radix-ui/react-popper@1.2.8","MIT","https://github.com/radix-ui/primitives"
"@radix-ui/react-portal@1.1.9","MIT","https://github.com/radix-ui/primitives"
"@radix-ui/react-presence@1.1.5","MIT","https://github.com/radix-ui/primitives"
"@radix-ui/react-primitive@2.1.3","MIT","https://github.com/radix-ui/primitives"
"@radix-ui/react-progress@1.1.7","MIT","https://github.com/radix-ui/primitives"
"@radix-ui/react-roving-focus@1.1.11","MIT","https://github.com/radix-ui/primitives"
"@radix-ui/react-scroll-area@1.2.10","MIT","https://github.com/radix-ui/primitives"
"@radix-ui/react-select@2.2.6","MIT","https://github.com/radix-ui/primitives"
"@radix-ui/react-slot@1.2.3","MIT","https://github.com/radix-ui/primitives"
"@radix-ui/react-switch@1.2.6","MIT","https://github.com/radix-ui/primitives"
"@radix-ui/react-tabs@1.1.13","MIT","https://github.com/radix-ui/primitives"
"@radix-ui/react-toast@1.2.15","MIT","https://github.com/radix-ui/primitives"
"@radix-ui/react-tooltip@1.2.8","MIT","https://github.com/radix-ui/primitives"
"@radix-ui/react-use-callback-ref@1.1.1","MIT","https://github.com/radix-ui/primitives"
"@radix-ui/react-use-controllable-state@1.2.2","MIT","https://github.com/radix-ui/primitives"
"@radix-ui/react-use-effect-event@0.0.2","MIT","https://github.com/radix-ui/primitives"
"@radix-ui/react-use-escape-keydown@1.1.1","MIT","https://github.com/radix-ui/primitives"
"@radix-ui/react-use-is-hydrated@0.1.0","MIT","https://github.com/radix-ui/primitives"
"@radix-ui/react-use-layout-effect@1.1.1","MIT","https://github.com/radix-ui/primitives"
"@radix-ui/react-use-previous@1.1.1","MIT","https://github.com/radix-ui/primitives"
"@radix-ui/react-use-rect@1.1.1","MIT","https://github.com/radix-ui/primitives"
"@radix-ui/react-use-size@1.1.1","MIT","https://github.com/radix-ui/primitives"
"@radix-ui/react-visually-hidden@1.2.3","MIT","https://github.com/radix-ui/primitives"
"@radix-ui/rect@1.1.1","MIT","https://github.com/radix-ui/primitives"
"@remix-run/router@1.23.0","MIT","https://github.com/remix-run/react-router"
"@restart/hooks@0.4.16","MIT","https://github.com/jquense/react-common-hooks"
"@sendgrid/client@8.1.6","MIT","https://github.com/sendgrid/sendgrid-nodejs"
"@sendgrid/helpers@8.0.0","MIT","https://github.com/sendgrid/sendgrid-nodejs"
"@sendgrid/mail@8.1.6","MIT","https://github.com/sendgrid/sendgrid-nodejs"
"@sentry-internal/browser-utils@10.17.0","MIT","https://github.com/getsentry/sentry-javascript"
"@sentry-internal/feedback@10.17.0","MIT","https://github.com/getsentry/sentry-javascript"
"@sentry-internal/replay-canvas@10.17.0","MIT","https://github.com/getsentry/sentry-javascript"
"@sentry-internal/replay@10.17.0","MIT","https://github.com/getsentry/sentry-javascript"
"@sentry/babel-plugin-component-annotate@4.3.0","MIT","https://github.com/getsentry/sentry-javascript-bundler-plugins"
"@sentry/browser@10.17.0","MIT","https://github.com/getsentry/sentry-javascript"
"@sentry/bundler-plugin-core@4.3.0","MIT","https://github.com/getsentry/sentry-javascript-bundler-plugins"
"@sentry/cli-win32-x64@2.56.0","BSD-3-Clause","https://github.com/getsentry/sentry-cli"
"@sentry/cli@2.56.0","BSD-3-Clause","https://github.com/getsentry/sentry-cli"
"@sentry/core@10.17.0","MIT","https://github.com/getsentry/sentry-javascript"
"@sentry/react@10.17.0","MIT","https://github.com/getsentry/sentry-javascript"
"@sentry/vite-plugin@4.3.0","MIT","https://github.com/getsentry/sentry-javascript-bundler-plugins"
"@stripe/stripe-js@7.9.0","MIT","https://github.com/stripe/stripe-js"
"@supabase/auth-js@2.78.0","MIT","https://github.com/supabase/supabase-js"
"@supabase/functions-js@2.78.0","MIT","https://github.com/supabase/supabase-js"
"@supabase/node-fetch@2.6.15","MIT","https://github.com/supabase/node-fetch"
"@supabase/postgrest-js@2.78.0","MIT","https://github.com/supabase/supabase-js"
"@supabase/realtime-js@2.78.0","MIT","https://github.com/supabase/supabase-js"
"@supabase/storage-js@2.78.0","MIT","https://github.com/supabase/supabase-js"
"@supabase/supabase-js@2.78.0","MIT","https://github.com/supabase/supabase-js"
"@tensorflow/tfjs-backend-cpu@4.22.0","Apache-2.0","https://github.com/tensorflow/tfjs"
"@tensorflow/tfjs-backend-webgl@4.22.0","Apache-2.0","https://github.com/tensorflow/tfjs"
"@tensorflow/tfjs-converter@4.22.0","Apache-2.0","https://github.com/tensorflow/tfjs"
"@tensorflow/tfjs-core@4.22.0","Apache-2.0","https://github.com/tensorflow/tfjs"
"@tensorflow/tfjs-data@4.22.0","Apache-2.0","https://github.com/tensorflow/tfjs"
"@tensorflow/tfjs-layers@4.22.0","Apache-2.0 AND MIT","https://github.com/tensorflow/tfjs"
"@tensorflow/tfjs@4.22.0","Apache-2.0","https://github.com/tensorflow/tfjs"
"@types/d3-array@3.2.1","MIT","https://github.com/DefinitelyTyped/DefinitelyTyped"
"@types/d3-color@3.1.3","MIT","https://github.com/DefinitelyTyped/DefinitelyTyped"
"@types/d3-ease@3.0.2","MIT","https://github.com/DefinitelyTyped/DefinitelyTyped"
"@types/d3-interpolate@3.0.4","MIT","https://github.com/DefinitelyTyped/DefinitelyTyped"
"@types/d3-path@3.1.1","MIT","https://github.com/DefinitelyTyped/DefinitelyTyped"
"@types/d3-scale@4.0.9","MIT","https://github.com/DefinitelyTyped/DefinitelyTyped"
"@types/d3-shape@3.1.7","MIT","https://github.com/DefinitelyTyped/DefinitelyTyped"
"@types/d3-time@3.0.4","MIT","https://github.com/DefinitelyTyped/DefinitelyTyped"
"@types/d3-timer@3.0.2","MIT","https://github.com/DefinitelyTyped/DefinitelyTyped"
"@types/long@4.0.2","MIT","https://github.com/DefinitelyTyped/DefinitelyTyped"
"@types/node-fetch@2.6.13","MIT","https://github.com/DefinitelyTyped/DefinitelyTyped"
"@types/node@14.18.63","MIT","https://github.com/DefinitelyTyped/DefinitelyTyped"
"@types/node@22.18.0","MIT","https://github.com/DefinitelyTyped/DefinitelyTyped"
"@types/offscreencanvas@2019.3.0","MIT","https://github.com/DefinitelyTyped/DefinitelyTyped"
"@types/offscreencanvas@2019.7.3","MIT","https://github.com/DefinitelyTyped/DefinitelyTyped"
"@types/pako@2.0.4","MIT","https://github.com/DefinitelyTyped/DefinitelyTyped"
"@types/phoenix@1.6.6","MIT","https://github.com/DefinitelyTyped/DefinitelyTyped"
"@types/prop-types@15.7.15","MIT","https://github.com/DefinitelyTyped/DefinitelyTyped"
"@types/raf@3.4.3","MIT","https://github.com/DefinitelyTyped/DefinitelyTyped"
"@types/react-dom@18.3.7","MIT","https://github.com/DefinitelyTyped/DefinitelyTyped"
"@types/react-grid-layout@1.3.5","MIT","https://github.com/DefinitelyTyped/DefinitelyTyped"
"@types/react-toastify@4.0.2","MIT","https://github.com/DefinitelyTyped/DefinitelyTyped"
"@types/react-transition-group@4.4.12","MIT","https://github.com/DefinitelyTyped/DefinitelyTyped"
"@types/react@18.3.24","MIT","https://github.com/DefinitelyTyped/DefinitelyTyped"
"@types/seedrandom@2.4.34","MIT","https://github.com/DefinitelyTyped/DefinitelyTyped"
"@types/trusted-types@2.0.7","MIT","https://github.com/DefinitelyTyped/DefinitelyTyped"
"@types/warning@3.0.3","MIT","https://github.com/DefinitelyTyped/DefinitelyTyped"
"@types/ws@8.18.1","MIT","https://github.com/DefinitelyTyped/DefinitelyTyped"
"@webgpu/types@0.1.38","BSD-3-Clause","https://github.com/gpuweb/types"
"acorn@8.15.0","MIT","https://github.com/acornjs/acorn"
"adler-32@1.3.1","Apache-2.0","https://github.com/SheetJS/js-adler32"
"agent-base@6.0.2","MIT","https://github.com/TooTallNate/node-agent-base"
"ansi-regex@5.0.1","MIT","https://github.com/chalk/ansi-regex"
"ansi-regex@6.2.0","MIT","https://github.com/chalk/ansi-regex"
"ansi-styles@4.3.0","MIT","https://github.com/chalk/ansi-styles"
"ansi-styles@6.2.1","MIT","https://github.com/chalk/ansi-styles"
"any-promise@1.3.0","MIT","https://github.com/kevinbeaty/any-promise"
"anymatch@3.1.3","ISC","https://github.com/micromatch/anymatch"
"archiver-utils@2.1.0","MIT","https://github.com/archiverjs/archiver-utils"
"archiver-utils@3.0.4","MIT","https://github.com/archiverjs/archiver-utils"
"archiver@5.3.2","MIT","https://github.com/archiverjs/node-archiver"
"arg@5.0.2","MIT","https://github.com/vercel/arg"
"argparse@1.0.10","MIT","https://github.com/nodeca/argparse"
"aria-hidden@1.2.6","MIT","https://github.com/theKashey/aria-hidden"
"async@3.2.6","MIT","https://github.com/caolan/async"
"asynckit@0.4.0","MIT","https://github.com/alexindigo/asynckit"
"axios@1.12.2","MIT","https://github.com/axios/axios"
"balanced-match@1.0.2","MIT","https://github.com/juliangruber/balanced-match"
"base64-arraybuffer@1.0.2","MIT","https://github.com/niklasvh/base64-arraybuffer"
"base64-js@1.5.1","MIT","https://github.com/beatgammit/base64-js"
"big-integer@1.6.52","Unlicense","https://github.com/peterolson/BigInteger.js"
"binary-extensions@2.3.0","MIT","https://github.com/sindresorhus/binary-extensions"
"binary@0.3.0","MIT","https://github.com/substack/node-binary"
"bl@4.1.0","MIT","https://github.com/rvagg/bl"
"bluebird@3.4.7","MIT","https://github.com/petkaantonov/bluebird"
"brace-expansion@1.1.12","MIT","https://github.com/juliangruber/brace-expansion"
"brace-expansion@2.0.2","MIT","https://github.com/juliangruber/brace-expansion"
"braces@3.0.3","MIT","https://github.com/micromatch/braces"
"browserslist@4.25.3","MIT","https://github.com/browserslist/browserslist"
"buffer-crc32@0.2.13","MIT","https://github.com/brianloveswords/buffer-crc32"
"buffer-indexof-polyfill@1.0.2","MIT","https://github.com/sarosia/buffer-indexof-polyfill"
"buffer@5.7.1","MIT","https://github.com/feross/buffer"
"buffers@0.1.1","Custom: http://github.com/substack/node-bufferlist","https://github.com/substack/node-buffers"
"call-bind-apply-helpers@1.0.2","MIT","https://github.com/ljharb/call-bind-apply-helpers"
"call-bound@1.0.4","MIT","https://github.com/ljharb/call-bound"
"camelcase-css@2.0.1","MIT","https://github.com/stevenvachon/camelcase-css"
"caniuse-lite@1.0.30001737","CC-BY-4.0","https://github.com/browserslist/caniuse-lite"
"canvg@3.0.11","MIT","https://github.com/canvg/canvg"
"casskai@1.0.0","UNLICENSED","https://github.com/votre-username/casskai"
"cfb@1.2.2","Apache-2.0","https://github.com/SheetJS/js-cfb"
"chainsaw@0.1.0","MIT*","https://github.com/substack/node-chainsaw"
"chalk@4.1.2","MIT","https://github.com/chalk/chalk"
"chart.js@4.5.0","MIT","https://github.com/chartjs/Chart.js"
"chokidar@3.6.0","MIT","https://github.com/paulmillr/chokidar"
"class-variance-authority@0.7.1","Apache-2.0","https://github.com/joe-bell/cva"
"cliui@7.0.4","ISC","https://github.com/yargs/cliui"
"clsx@1.2.1","MIT","https://github.com/lukeed/clsx"
"clsx@2.1.1","MIT","https://github.com/lukeed/clsx"
"codepage@1.15.0","Apache-2.0","https://github.com/SheetJS/js-codepage"
"color-convert@2.0.1","MIT","https://github.com/Qix-/color-convert"
"color-name@1.1.4","MIT","https://github.com/colorjs/color-name"
"combined-stream@1.0.8","MIT","https://github.com/felixge/node-combined-stream"
"commander@4.1.1","MIT","https://github.com/tj/commander.js"
"commander@7.2.0","MIT","https://github.com/tj/commander.js"
"compress-commons@4.1.2","MIT","https://github.com/archiverjs/node-compress-commons"
"concat-map@0.0.1","MIT","https://github.com/substack/node-concat-map"
"convert-source-map@2.0.0","MIT","https://github.com/thlorenz/convert-source-map"
"core-js@3.29.1","MIT","https://github.com/zloirock/core-js"
"core-util-is@1.0.3","MIT","https://github.com/isaacs/core-util-is"
"crc-32@1.2.2","Apache-2.0","https://github.com/SheetJS/js-crc32"
"crc32-stream@4.0.3","MIT","https://github.com/archiverjs/node-crc32-stream"
"cross-spawn@7.0.6","MIT","https://github.com/moxystudio/node-cross-spawn"
"css-line-break@2.1.0","MIT","https://github.com/niklasvh/css-line-break"
"cssesc@3.0.0","MIT","https://github.com/mathiasbynens/cssesc"
"csstype@3.1.3","MIT","https://github.com/frenic/csstype"
"d3-array@2.12.1","BSD-3-Clause","https://github.com/d3/d3-array"
"d3-array@3.2.4","ISC","https://github.com/d3/d3-array"
"d3-axis@3.0.0","ISC","https://github.com/d3/d3-axis"
"d3-brush@3.0.0","ISC","https://github.com/d3/d3-brush"
"d3-chord@3.0.1","ISC","https://github.com/d3/d3-chord"
"d3-color@3.1.0","ISC","https://github.com/d3/d3-color"
"d3-contour@4.0.2","ISC","https://github.com/d3/d3-contour"
"d3-delaunay@6.0.4","ISC","https://github.com/d3/d3-delaunay"
"d3-dispatch@3.0.1","ISC","https://github.com/d3/d3-dispatch"
"d3-drag@3.0.0","ISC","https://github.com/d3/d3-drag"
"d3-dsv@3.0.1","ISC","https://github.com/d3/d3-dsv"
"d3-ease@3.0.1","BSD-3-Clause","https://github.com/d3/d3-ease"
"d3-fetch@3.0.1","ISC","https://github.com/d3/d3-fetch"
"d3-force@3.0.0","ISC","https://github.com/d3/d3-force"
"d3-format@3.1.0","ISC","https://github.com/d3/d3-format"
"d3-geo@3.1.1","ISC","https://github.com/d3/d3-geo"
"d3-hierarchy@3.1.2","ISC","https://github.com/d3/d3-hierarchy"
"d3-interpolate@3.0.1","ISC","https://github.com/d3/d3-interpolate"
"d3-path@1.0.9","BSD-3-Clause","https://github.com/d3/d3-path"
"d3-path@3.1.0","ISC","https://github.com/d3/d3-path"
"d3-polygon@3.0.1","ISC","https://github.com/d3/d3-polygon"
"d3-quadtree@3.0.1","ISC","https://github.com/d3/d3-quadtree"
"d3-random@3.0.1","ISC","https://github.com/d3/d3-random"
"d3-sankey@0.12.3","BSD-3-Clause","https://github.com/d3/d3-sankey"
"d3-scale-chromatic@3.1.0","ISC","https://github.com/d3/d3-scale-chromatic"
"d3-scale@4.0.2","ISC","https://github.com/d3/d3-scale"
"d3-selection@3.0.0","ISC","https://github.com/d3/d3-selection"
"d3-shape@1.3.7","BSD-3-Clause","https://github.com/d3/d3-shape"
"d3-shape@3.2.0","ISC","https://github.com/d3/d3-shape"
"d3-time-format@4.1.0","ISC","https://github.com/d3/d3-time-format"
"d3-time@3.1.0","ISC","https://github.com/d3/d3-time"
"d3-timer@3.0.1","ISC","https://github.com/d3/d3-timer"
"d3-transition@3.0.1","ISC","https://github.com/d3/d3-transition"
"d3-zoom@3.0.0","ISC","https://github.com/d3/d3-zoom"
"d3@7.9.0","ISC","https://github.com/d3/d3"
"data-uri-to-buffer@4.0.1","MIT","https://github.com/TooTallNate/node-data-uri-to-buffer"
"date-arithmetic@4.1.0","MIT","https://github.com/jquense/date-math"
"date-fns@3.6.0","MIT","https://github.com/date-fns/date-fns"
"dayjs@1.11.13","MIT","https://github.com/iamkun/dayjs"
"debug@4.4.1","MIT","https://github.com/debug-js/debug"
"decimal.js-light@2.5.1","MIT","https://github.com/MikeMcl/decimal.js-light"
"deep-diff@1.0.2","MIT","https://github.com/flitbit/diff"
"deepmerge@4.3.1","MIT","https://github.com/TehShrike/deepmerge"
"delaunator@5.0.1","ISC","https://github.com/mapbox/delaunator"
"delayed-stream@1.0.0","MIT","https://github.com/felixge/node-delayed-stream"
"dequal@2.0.3","MIT","https://github.com/lukeed/dequal"
"detect-node-es@1.1.0","MIT","https://github.com/thekashey/detect-node"
"didyoumean@1.2.2","Apache-2.0","https://github.com/dcporter/didyoumean.js"
"dlv@1.1.3","MIT","https://github.com/developit/dlv"
"dom-helpers@5.2.1","MIT","https://github.com/react-bootstrap/dom-helpers"
"dompurify@3.3.0","(MPL-2.0 OR Apache-2.0)","https://github.com/cure53/DOMPurify"
"dotenv@16.6.1","BSD-2-Clause","https://github.com/motdotla/dotenv"
"dotenv@17.2.1","BSD-2-Clause","https://github.com/motdotla/dotenv"
"dunder-proto@1.0.1","MIT","https://github.com/es-shims/dunder-proto"
"duplexer2@0.1.4","BSD-3-Clause","https://github.com/deoxxa/duplexer2"
"eastasianwidth@0.2.0","MIT","https://github.com/komagata/eastasianwidth"
"electron-to-chromium@1.5.209","ISC","https://github.com/kilian/electron-to-chromium"
"emoji-regex@8.0.0","MIT","https://github.com/mathiasbynens/emoji-regex"
"emoji-regex@9.2.2","MIT","https://github.com/mathiasbynens/emoji-regex"
"end-of-stream@1.4.5","MIT","https://github.com/mafintosh/end-of-stream"
"es-define-property@1.0.1","MIT","https://github.com/ljharb/es-define-property"
"es-errors@1.3.0","MIT","https://github.com/ljharb/es-errors"
"es-object-atoms@1.1.1","MIT","https://github.com/ljharb/es-object-atoms"
"es-set-tostringtag@2.1.0","MIT","https://github.com/es-shims/es-set-tostringtag"
"escalade@3.2.0","MIT","https://github.com/lukeed/escalade"
"eventemitter3@4.0.7","MIT","https://github.com/primus/eventemitter3"
"exceljs@4.4.0","MIT","https://github.com/exceljs/exceljs"
"fast-csv@4.3.6","MIT","https://github.com/C2FO/fast-csv"
"fast-equals@4.0.3","MIT","https://github.com/planttheidea/fast-equals"
"fast-equals@5.2.2","MIT","https://github.com/planttheidea/fast-equals"
"fast-glob@3.3.3","MIT","https://github.com/mrmlnc/fast-glob"
"fast-png@6.4.0","MIT","https://github.com/image-js/fast-png"
"fastq@1.19.1","ISC","https://github.com/mcollina/fastq"
"fetch-blob@3.2.0","MIT","https://github.com/node-fetch/fetch-blob"
"fflate@0.8.2","MIT","https://github.com/101arrowz/fflate"
"fill-range@7.1.1","MIT","https://github.com/jonschlinkert/fill-range"
"find-up@5.0.0","MIT","https://github.com/sindresorhus/find-up"
"follow-redirects@1.15.11","MIT","https://github.com/follow-redirects/follow-redirects"
"foreground-child@3.3.1","ISC","https://github.com/tapjs/foreground-child"
"form-data@4.0.4","MIT","https://github.com/form-data/form-data"
"formdata-polyfill@4.0.10","MIT","git+https://jimmywarting@github.com/jimmywarting/FormData"
"frac@1.1.2","Apache-2.0","https://github.com/SheetJS/frac"
"framer-motion@11.18.2","MIT","https://github.com/motiondivision/motion"
"fs-constants@1.0.0","MIT","https://github.com/mafintosh/fs-constants"
"fs.realpath@1.0.0","ISC","https://github.com/isaacs/fs.realpath"
"fstream@1.0.12","ISC","https://github.com/npm/fstream"
"function-bind@1.1.2","MIT","https://github.com/Raynos/function-bind"
"gensync@1.0.0-beta.2","MIT","https://github.com/loganfsmyth/gensync"
"get-caller-file@2.0.5","ISC","https://github.com/stefanpenner/get-caller-file"
"get-intrinsic@1.3.0","MIT","https://github.com/ljharb/get-intrinsic"
"get-nonce@1.0.1","MIT","https://github.com/theKashey/get-nonce"
"get-proto@1.0.1","MIT","https://github.com/ljharb/get-proto"
"glob-parent@5.1.2","ISC","https://github.com/gulpjs/glob-parent"
"glob-parent@6.0.2","ISC","https://github.com/gulpjs/glob-parent"
"glob@10.4.5","ISC","https://github.com/isaacs/node-glob"
"glob@11.0.3","ISC","https://github.com/isaacs/node-glob"
"glob@7.2.3","ISC","https://github.com/isaacs/node-glob"
"glob@9.3.5","ISC","https://github.com/isaacs/node-glob"
"globalize@0.1.1","MIT","https://github.com/jquery/globalize"
"goober@2.1.16","MIT","https://github.com/cristianbote/goober"
"gopd@1.2.0","MIT","https://github.com/ljharb/gopd"
"graceful-fs@4.2.11","ISC","https://github.com/isaacs/node-graceful-fs"
"has-flag@4.0.0","MIT","https://github.com/sindresorhus/has-flag"
"has-symbols@1.1.0","MIT","https://github.com/inspect-js/has-symbols"
"has-tostringtag@1.0.2","MIT","https://github.com/inspect-js/has-tostringtag"
"hasown@2.0.2","MIT","https://github.com/inspect-js/hasOwn"
"hoist-non-react-statics@3.3.2","BSD-3-Clause","https://github.com/mridgway/hoist-non-react-statics"
"html-parse-stringify@3.0.1","MIT","https://github.com/henrikjoreteg/html-parse-stringify"
"html2canvas@1.4.1","MIT","https://github.com/niklasvh/html2canvas"
"https-proxy-agent@5.0.1","MIT","https://github.com/TooTallNate/node-https-proxy-agent"
"i18next-browser-languagedetector@8.2.0","MIT","https://github.com/i18next/i18next-browser-languageDetector"
"i18next@25.4.2","MIT","https://github.com/i18next/i18next"
"iconv-lite@0.6.3","MIT","https://github.com/ashtuchkin/iconv-lite"
"ieee754@1.2.1","BSD-3-Clause","https://github.com/feross/ieee754"
"immediate@3.0.6","MIT","https://github.com/calvinmetcalf/immediate"
"inflight@1.0.6","ISC","https://github.com/npm/inflight"
"inherits@2.0.4","ISC","https://github.com/isaacs/inherits"
"internmap@1.0.1","ISC","https://github.com/mbostock/internmap"
"internmap@2.0.3","ISC","https://github.com/mbostock/internmap"
"invariant@2.2.4","MIT","https://github.com/zertosh/invariant"
"iobuffer@5.4.0","MIT","https://github.com/image-js/iobuffer"
"is-any-array@2.0.1","MIT","https://github.com/cheminfo-js/is-any-array"
"is-binary-path@2.1.0","MIT","https://github.com/sindresorhus/is-binary-path"
"is-core-module@2.16.1","MIT","https://github.com/inspect-js/is-core-module"
"is-extglob@2.1.1","MIT","https://github.com/jonschlinkert/is-extglob"
"is-fullwidth-code-point@3.0.0","MIT","https://github.com/sindresorhus/is-fullwidth-code-point"
"is-glob@4.0.3","MIT","https://github.com/micromatch/is-glob"
"is-lite@0.8.2","MIT","https://github.com/gilbarbara/is-lite"
"is-lite@1.2.1","MIT","https://github.com/gilbarbara/is-lite"
"is-number@7.0.0","MIT","https://github.com/jonschlinkert/is-number"
"isarray@1.0.0","MIT","https://github.com/juliangruber/isarray"
"isexe@2.0.0","ISC","https://github.com/isaacs/isexe"
"jackspeak@3.4.3","BlueOak-1.0.0","https://github.com/isaacs/jackspeak"
"jackspeak@4.1.1","BlueOak-1.0.0","https://github.com/isaacs/jackspeak"
"jiti@1.21.7","MIT","https://github.com/unjs/jiti"
"js-cookie@2.2.1","MIT","https://github.com/js-cookie/js-cookie"
"js-tokens@4.0.0","MIT","https://github.com/lydell/js-tokens"
"jsesc@3.1.0","MIT","https://github.com/mathiasbynens/jsesc"
"json5@2.2.3","MIT","https://github.com/json5/json5"
"jspdf-autotable@5.0.2","MIT","https://github.com/simonbengtsson/jsPDF-AutoTable"
"jspdf@3.0.3","MIT","https://github.com/parallax/jsPDF"
"jszip@3.10.1","(MIT OR GPL-3.0-or-later)","https://github.com/Stuk/jszip"
"lazystream@1.0.1","MIT","https://github.com/jpommerening/node-lazystream"
"lie@3.3.0","MIT","https://github.com/calvinmetcalf/lie"
"lilconfig@3.1.3","MIT","https://github.com/antonk52/lilconfig"
"lines-and-columns@1.2.4","MIT","https://github.com/eventualbuddha/lines-and-columns"
"listenercount@1.0.1","ISC","https://github.com/jden/node-listenercount"
"locate-path@6.0.0","MIT","https://github.com/sindresorhus/locate-path"
"lodash-es@4.17.21","MIT","https://github.com/lodash/lodash"
"lodash.defaults@4.2.0","MIT","https://github.com/lodash/lodash"
"lodash.difference@4.5.0","MIT","https://github.com/lodash/lodash"
"lodash.escaperegexp@4.1.2","MIT","https://github.com/lodash/lodash"
"lodash.flatten@4.4.0","MIT","https://github.com/lodash/lodash"
"lodash.groupby@4.6.0","MIT","https://github.com/lodash/lodash"
"lodash.isboolean@3.0.3","MIT","https://github.com/lodash/lodash"
"lodash.isequal@4.5.0","MIT","https://github.com/lodash/lodash"
"lodash.isfunction@3.0.9","MIT","https://github.com/lodash/lodash"
"lodash.isnil@4.0.0","MIT","https://github.com/lodash/lodash"
"lodash.isplainobject@4.0.6","MIT","https://github.com/lodash/lodash"
"lodash.isundefined@3.0.1","MIT","https://github.com/lodash/lodash"
"lodash.union@4.6.0","MIT","https://github.com/lodash/lodash"
"lodash.uniq@4.5.0","MIT","https://github.com/lodash/lodash"
"lodash@4.17.21","MIT","https://github.com/lodash/lodash"
"long@4.0.0","Apache-2.0","https://github.com/dcodeIO/long.js"
"loose-envify@1.4.0","MIT","https://github.com/zertosh/loose-envify"
"lru-cache@10.4.3","ISC","https://github.com/isaacs/node-lru-cache"
"lru-cache@11.1.0","ISC","https://github.com/isaacs/node-lru-cache"
"lru-cache@5.1.1","ISC","https://github.com/isaacs/node-lru-cache"
"lucide-react@0.445.0","ISC","https://github.com/lucide-icons/lucide"
"luxon@3.7.1","MIT","https://github.com/moment/luxon"
"magic-string@0.30.8","MIT","https://github.com/rich-harris/magic-string"
"math-intrinsics@1.1.0","MIT","https://github.com/es-shims/math-intrinsics"
"memoize-one@6.0.0","MIT","https://github.com/alexreardon/memoize-one"
"merge2@1.4.1","MIT","https://github.com/teambition/merge2"
"micromatch@4.0.8","MIT","https://github.com/micromatch/micromatch"
"mime-db@1.52.0","MIT","https://github.com/jshttp/mime-db"
"mime-types@2.1.35","MIT","https://github.com/jshttp/mime-types"
"minimatch@10.0.3","ISC","https://github.com/isaacs/minimatch"
"minimatch@3.1.2","ISC","https://github.com/isaacs/minimatch"
"minimatch@5.1.6","ISC","https://github.com/isaacs/minimatch"
"minimatch@8.0.4","ISC","https://github.com/isaacs/minimatch"
"minimatch@9.0.5","ISC","https://github.com/isaacs/minimatch"
"minimist@1.2.8","MIT","https://github.com/minimistjs/minimist"
"minipass@4.2.8","ISC","https://github.com/isaacs/minipass"
"minipass@7.1.2","ISC","https://github.com/isaacs/minipass"
"mkdirp@0.5.6","MIT","https://github.com/substack/node-mkdirp"
"ml-array-max@1.2.4","MIT","https://github.com/mljs/array"
"ml-array-min@1.2.3","MIT","https://github.com/mljs/array"
"ml-array-rescale@1.3.7","MIT","https://github.com/mljs/array"
"ml-matrix@6.12.1","MIT","https://github.com/mljs/matrix"
"moment-timezone@0.5.48","MIT","https://github.com/moment/moment-timezone"
"moment@2.30.1","MIT","https://github.com/moment/moment"
"motion-dom@11.18.1","MIT","https://github.com/motiondivision/motion"
"motion-utils@11.18.1","MIT","https://github.com/motiondivision/motion"
"ms@2.1.3","MIT","https://github.com/vercel/ms"
"mz@2.7.0","MIT","https://github.com/normalize/mz"
"nanoid@3.3.11","MIT","https://github.com/ai/nanoid"
"next-themes@0.3.0","MIT","https://github.com/pacocoursey/next-themes"
"node-domexception@1.0.0","MIT","https://github.com/jimmywarting/node-domexception"
"node-fetch@2.6.13","MIT","https://github.com/bitinn/node-fetch"
"node-fetch@2.7.0","MIT","https://github.com/bitinn/node-fetch"
"node-fetch@3.3.2","MIT","https://github.com/node-fetch/node-fetch"
"node-releases@2.0.19","MIT","https://github.com/chicoxyzzy/node-releases"
"normalize-path@3.0.0","MIT","https://github.com/jonschlinkert/normalize-path"
"object-assign@4.1.1","MIT","https://github.com/sindresorhus/object-assign"
"object-hash@3.0.0","MIT","https://github.com/puleos/object-hash"
"object-inspect@1.13.4","MIT","https://github.com/inspect-js/object-inspect"
"once@1.4.0","ISC","https://github.com/isaacs/once"
"openai@5.16.0","Apache-2.0","https://github.com/openai/openai-node"
"p-limit@3.1.0","MIT","https://github.com/sindresorhus/p-limit"
"p-locate@5.0.0","MIT","https://github.com/sindresorhus/p-locate"
"package-json-from-dist@1.0.1","BlueOak-1.0.0","https://github.com/isaacs/package-json-from-dist"
"pako@1.0.11","(MIT AND Zlib)","https://github.com/nodeca/pako"
"pako@2.1.0","(MIT AND Zlib)","https://github.com/nodeca/pako"
"path-exists@4.0.0","MIT","https://github.com/sindresorhus/path-exists"
"path-is-absolute@1.0.1","MIT","https://github.com/sindresorhus/path-is-absolute"
"path-key@3.1.1","MIT","https://github.com/sindresorhus/path-key"
"path-parse@1.0.7","MIT","https://github.com/jbgutierrez/path-parse"
"path-scurry@1.11.1","BlueOak-1.0.0","https://github.com/isaacs/path-scurry"
"path-scurry@2.0.0","BlueOak-1.0.0","https://github.com/isaacs/path-scurry"
"performance-now@2.1.0","MIT","https://github.com/braveg1rl/performance-now"
"pg-cloudflare@1.2.7","MIT","https://github.com/brianc/node-postgres"
"pg-connection-string@2.9.1","MIT","https://github.com/brianc/node-postgres"
"pg-int8@1.0.1","ISC","https://github.com/charmander/pg-int8"
"pg-pool@3.10.1","MIT","https://github.com/brianc/node-postgres"
"pg-protocol@1.10.3","MIT","https://github.com/brianc/node-postgres"
"pg-types@2.2.0","MIT","https://github.com/brianc/node-pg-types"
"pg@8.16.3","MIT","https://github.com/brianc/node-postgres"
"pgpass@1.0.5","MIT","https://github.com/hoegaarden/pgpass"
"picocolors@1.1.1","ISC","https://github.com/alexeyraspopov/picocolors"
"picomatch@2.3.1","MIT","https://github.com/micromatch/picomatch"
"pify@2.3.0","MIT","https://github.com/sindresorhus/pify"
"pirates@4.0.7","MIT","https://github.com/danez/pirates"
"popper.js@1.16.1","MIT","https://github.com/FezVrasta/popper.js"
"postcss-import@15.1.0","MIT","https://github.com/postcss/postcss-import"
"postcss-js@4.0.1","MIT","https://github.com/postcss/postcss-js"
"postcss-load-config@4.0.2","MIT","https://github.com/postcss/postcss-load-config"
"postcss-nested@6.2.0","MIT","https://github.com/postcss/postcss-nested"
"postcss-selector-parser@6.1.2","MIT","https://github.com/postcss/postcss-selector-parser"
"postcss-value-parser@4.2.0","MIT","https://github.com/TrySound/postcss-value-parser"
"postcss@8.5.6","MIT","https://github.com/postcss/postcss"
"postgres-array@2.0.0","MIT","https://github.com/bendrucker/postgres-array"
"postgres-bytea@1.0.0","MIT","https://github.com/bendrucker/postgres-bytea"
"postgres-date@1.0.7","MIT","https://github.com/bendrucker/postgres-date"
"postgres-interval@1.2.0","MIT","https://github.com/bendrucker/postgres-interval"
"process-nextick-args@2.0.1","MIT","https://github.com/calvinmetcalf/process-nextick-args"
"progress@2.0.3","MIT","https://github.com/visionmedia/node-progress"
"prop-types@15.8.1","MIT","https://github.com/facebook/prop-types"
"proxy-from-env@1.1.0","MIT","https://github.com/Rob--W/proxy-from-env"
"qs@6.14.0","BSD-3-Clause","https://github.com/ljharb/qs"
"queue-microtask@1.2.3","MIT","https://github.com/feross/queue-microtask"
"raf@3.4.1","MIT","https://github.com/chrisdickinson/raf"
"react-big-calendar@1.19.4","MIT","https://github.com/jquense/react-big-calendar"
"react-chartjs-2@5.3.0","MIT","https://github.com/reactchartjs/react-chartjs-2"
"react-cookie-consent@9.0.0","MIT","https://github.com/Mastermindzh/react-cookie-consent"
"react-day-picker@8.10.1","MIT","https://github.com/gpbl/react-day-picker"
"react-dom@18.3.1","MIT","https://github.com/facebook/react"
"react-draggable@4.5.0","MIT","https://github.com/react-grid-layout/react-draggable"
"react-floater@0.7.9","MIT","https://github.com/gilbarbara/react-floater"
"react-grid-layout@1.5.2","MIT","https://github.com/STRML/react-grid-layout"
"react-hook-form@7.62.0","MIT","https://github.com/react-hook-form/react-hook-form"
"react-hot-toast@2.6.0","MIT","https://github.com/timolins/react-hot-toast"
"react-i18next@15.7.3","MIT","https://github.com/i18next/react-i18next"
"react-innertext@1.1.5","MIT","https://github.com/CharlesStover/react-innertext"
"react-is@16.13.1","MIT","https://github.com/facebook/react"
"react-is@18.3.1","MIT","https://github.com/facebook/react"
"react-joyride@2.9.3","MIT","https://github.com/gilbarbara/react-joyride"
"react-lifecycles-compat@3.0.4","MIT","https://github.com/reactjs/react-lifecycles-compat"
"react-overlays@5.2.1","MIT","https://github.com/react-bootstrap/react-overlays"
"react-remove-scroll-bar@2.3.8","MIT","https://github.com/theKashey/react-remove-scroll-bar"
"react-remove-scroll@2.7.1","MIT","https://github.com/theKashey/react-remove-scroll"
"react-resizable-panels@2.1.9","MIT","https://github.com/bvaughn/react-resizable-panels"
"react-resizable@3.0.5","MIT","https://github.com/react-grid-layout/react-resizable"
"react-router-dom@6.30.1","MIT","https://github.com/remix-run/react-router"
"react-router@6.30.1","MIT","https://github.com/remix-run/react-router"
"react-smooth@4.0.4","MIT","https://github.com/recharts/react-smooth"
"react-style-singleton@2.2.3","MIT","https://github.com/theKashey/react-style-singleton"
"react-toastify@11.0.5","MIT","https://github.com/fkhadra/react-toastify"
"react-transition-group@4.4.5","BSD-3-Clause","https://github.com/reactjs/react-transition-group"
"react@18.3.1","MIT","https://github.com/facebook/react"
"read-cache@1.0.0","MIT","https://github.com/TrySound/read-cache"
"readable-stream@2.3.8","MIT","https://github.com/nodejs/readable-stream"
"readable-stream@3.6.2","MIT","https://github.com/nodejs/readable-stream"
"readdir-glob@1.1.3","Apache-2.0","https://github.com/Yqnn/node-readdir-glob"
"readdirp@3.6.0","MIT","https://github.com/paulmillr/readdirp"
"recharts-scale@0.4.5","MIT","https://github.com/recharts/recharts-scale"
"recharts@2.15.4","MIT","https://github.com/recharts/recharts"
"regenerator-runtime@0.13.11","MIT","https://github.com/facebook/regenerator/tree/main/packages/runtime"
"require-directory@2.1.1","MIT","https://github.com/troygoode/node-require-directory"
"resize-observer-polyfill@1.5.1","MIT","https://github.com/que-etc/resize-observer-polyfill"
"resolve@1.22.10","MIT","https://github.com/browserify/resolve"
"reusify@1.1.0","MIT","https://github.com/mcollina/reusify"
"rgbcolor@1.0.1","MIT*","https://github.com/yetzt/node-rgbcolor"
"rimraf@2.7.1","ISC","https://github.com/isaacs/rimraf"
"robust-predicates@3.0.2","Unlicense","https://github.com/mourner/robust-predicates"
"run-parallel@1.2.0","MIT","https://github.com/feross/run-parallel"
"rw@1.3.3","BSD-3-Clause","https://github.com/mbostock/rw"
"safe-buffer@5.1.2","MIT","https://github.com/feross/safe-buffer"
"safe-buffer@5.2.1","MIT","https://github.com/feross/safe-buffer"
"safer-buffer@2.1.2","MIT","https://github.com/ChALkeR/safer-buffer"
"sax@1.4.1","ISC","https://github.com/isaacs/sax-js"
"saxes@5.0.1","ISC","https://github.com/lddubeau/saxes"
"scheduler@0.23.2","MIT","https://github.com/facebook/react"
"scroll@3.0.1","MIT","https://github.com/michaelrhodes/scroll"
"scrollparent@2.1.0","ISC","https://github.com/olahol/scrollparent.js"
"seedrandom@3.0.5","MIT","https://github.com/davidbau/seedrandom"
"semver@6.3.1","ISC","https://github.com/npm/node-semver"
"setimmediate@1.0.5","MIT","https://github.com/YuzuJS/setImmediate"
"shebang-command@2.0.0","MIT","https://github.com/kevva/shebang-command"
"shebang-regex@3.0.0","MIT","https://github.com/sindresorhus/shebang-regex"
"side-channel-list@1.0.0","MIT","https://github.com/ljharb/side-channel-list"
"side-channel-map@1.0.1","MIT","https://github.com/ljharb/side-channel-map"
"side-channel-weakmap@1.0.2","MIT","https://github.com/ljharb/side-channel-weakmap"
"side-channel@1.1.0","MIT","https://github.com/ljharb/side-channel"
"signal-exit@4.1.0","ISC","https://github.com/tapjs/signal-exit"
"simple-statistics@7.8.8","ISC","https://github.com/simple-statistics/simple-statistics"
"sonner@1.7.4","MIT","https://github.com/emilkowalski/sonner"
"source-map-js@1.2.1","BSD-3-Clause","https://github.com/7rulnik/source-map-js"
"split2@4.2.0","ISC","https://github.com/mcollina/split2"
"sprintf-js@1.0.3","BSD-3-Clause","https://github.com/alexei/sprintf.js"
"ssf@0.11.2","Apache-2.0","https://github.com/SheetJS/ssf"
"stackblur-canvas@2.7.0","MIT","https://github.com/flozz/StackBlur"
"string-width@4.2.3","MIT","https://github.com/sindresorhus/string-width"
"string-width@5.1.2","MIT","https://github.com/sindresorhus/string-width"
"string_decoder@1.1.1","MIT","https://github.com/nodejs/string_decoder"
"string_decoder@1.3.0","MIT","https://github.com/nodejs/string_decoder"
"strip-ansi@6.0.1","MIT","https://github.com/chalk/strip-ansi"
"strip-ansi@7.1.0","MIT","https://github.com/chalk/strip-ansi"
"stripe@18.5.0","MIT","https://github.com/stripe/stripe-node"
"sucrase@3.35.0","MIT","https://github.com/alangpierce/sucrase"
"supports-color@7.2.0","MIT","https://github.com/chalk/supports-color"
"supports-preserve-symlinks-flag@1.0.0","MIT","https://github.com/inspect-js/node-supports-preserve-symlinks-flag"
"svg-pathdata@6.0.3","MIT","https://github.com/nfroidure/svg-pathdata"
"tabbable@6.2.0","MIT","https://github.com/focus-trap/tabbable"
"tailwind-merge@2.6.0","MIT","https://github.com/dcastil/tailwind-merge"
"tailwindcss-animate@1.0.7","MIT",""
"tailwindcss@3.4.17","MIT","https://github.com/tailwindlabs/tailwindcss"
"tar-stream@2.2.0","MIT","https://github.com/mafintosh/tar-stream"
"text-segmentation@1.0.3","MIT","https://github.com/niklasvh/text-segmentation"
"thenify-all@1.6.0","MIT","https://github.com/thenables/thenify-all"
"thenify@3.3.1","MIT","https://github.com/thenables/thenify"
"tiny-invariant@1.3.3","MIT","https://github.com/alexreardon/tiny-invariant"
"tmp@0.2.5","MIT","https://github.com/raszi/node-tmp"
"to-regex-range@5.0.1","MIT","https://github.com/micromatch/to-regex-range"
"tr46@0.0.3","MIT","https://github.com/Sebmaster/tr46.js"
"traverse@0.3.9","MIT*","https://github.com/substack/js-traverse"
"tree-changes@0.11.3","MIT","https://github.com/gilbarbara/tree-changes"
"tree-changes@0.9.3","MIT","https://github.com/gilbarbara/tree-changes"
"ts-interface-checker@0.1.13","Apache-2.0","https://github.com/gristlabs/ts-interface-checker"
"tslib@2.8.1","0BSD","https://github.com/Microsoft/tslib"
"type-fest@4.41.0","(MIT OR CC0-1.0)","https://github.com/sindresorhus/type-fest"
"typescript@5.9.2","Apache-2.0","https://github.com/microsoft/TypeScript"
"uncontrollable@7.2.1","MIT","https://github.com/jquense/uncontrollable"
"undici-types@6.21.0","MIT","https://github.com/nodejs/undici"
"unplugin@1.0.1","MIT","https://github.com/unjs/unplugin"
"unzipper@0.10.14","MIT","https://github.com/ZJONSSON/node-unzipper"
"update-browserslist-db@1.1.3","MIT","https://github.com/browserslist/update-db"
"use-callback-ref@1.3.3","MIT","https://github.com/theKashey/use-callback-ref"
"use-sidecar@1.1.3","MIT","https://github.com/theKashey/use-sidecar"
"use-sync-external-store@1.5.0","MIT","https://github.com/facebook/react"
"util-deprecate@1.0.2","MIT","https://github.com/TooTallNate/util-deprecate"
"utrie@1.0.2","MIT","https://github.com/niklasvh/utrie"
"uuid@8.3.2","MIT","https://github.com/uuidjs/uuid"
"vaul@0.9.9","MIT","https://github.com/emilkowalski/vaul"
"victory-vendor@36.9.2","MIT AND ISC","https://github.com/FormidableLabs/victory"
"void-elements@3.1.0","MIT","https://github.com/pugjs/void-elements"
"warning@4.0.3","MIT","https://github.com/BerkeleyTrue/warning"
"web-streams-polyfill@3.3.3","MIT","https://github.com/MattiasBuelens/web-streams-polyfill"
"web-vitals@5.1.0","Apache-2.0","https://github.com/GoogleChrome/web-vitals"
"webidl-conversions@3.0.1","BSD-2-Clause","https://github.com/jsdom/webidl-conversions"
"webpack-sources@3.3.3","MIT","https://github.com/webpack/webpack-sources"
"webpack-virtual-modules@0.5.0","MIT","https://github.com/sysgears/webpack-virtual-modules"
"whatwg-url@5.0.0","MIT","https://github.com/jsdom/whatwg-url"
"which@2.0.2","ISC","https://github.com/isaacs/node-which"
"wmf@1.0.2","Apache-2.0","https://github.com/SheetJS/js-wmf"
"word@0.3.0","Apache-2.0","https://github.com/SheetJS/js-word"
"wrap-ansi@7.0.0","MIT","https://github.com/chalk/wrap-ansi"
"wrap-ansi@8.1.0","MIT","https://github.com/chalk/wrap-ansi"
"wrappy@1.0.2","ISC","https://github.com/npm/wrappy"
"ws@8.18.3","MIT","https://github.com/websockets/ws"
"xlsx@0.18.5","Apache-2.0","https://github.com/SheetJS/sheetjs"
"xml2js@0.6.2","MIT","https://github.com/Leonidas-from-XIV/node-xml2js"
"xmlbuilder@11.0.1","MIT","https://github.com/oozcitak/xmlbuilder-js"
"xmlchars@2.2.0","MIT","https://github.com/lddubeau/xmlchars"
"xtend@4.0.2","MIT","https://github.com/Raynos/xtend"
"y18n@5.0.8","ISC","https://github.com/yargs/y18n"
"yallist@3.1.1","ISC","https://github.com/isaacs/yallist"
"yaml@2.8.1","ISC","https://github.com/eemeli/yaml"
"yargs-parser@20.2.9","ISC","https://github.com/yargs/yargs-parser"
"yargs@16.2.0","MIT","https://github.com/yargs/yargs"
"yocto-queue@0.1.0","MIT","https://github.com/sindresorhus/yocto-queue"
"zip-stream@4.1.1","MIT","https://github.com/archiverjs/node-zip-stream"
"zod@3.25.76","MIT","https://github.com/colinhacks/zod"